index,Order ID,Status,Fulfilment,Sales Channel ,ship-service-level,Style,SKU,Category,Size,ASIN,Courier Status,Qty,Amount,ship-city,ship-state,ship-country,Month,Day,Year
433,407-7607527-1189964,Shipped - Rejected by Buyer,Merchant,Amazon.in,Standard,J0096,J0096-KR-S,kurta,S,B089G356KM,Shipped,1,568.0,RAMANAGARA,KARNATAKA,IN,04,30,22
4017,408-3647481-1358717,Shipped - Lost in Transit,Merchant,Amazon.in,Standard,SET304,SET304-KR-DPT-XXL,Set,XXL,B09K3YHSDV,Shipped,1,0.0,BENGALURU,KARNATAKA,IN,04,28,22
4023,408-6812579-8773938,Shipped - Lost in Transit,Merchant,Amazon.in,Standard,J0005,J0005-DR-XL,Western Dress,XL,B08B3YB1FR,Shipped,1,0.0,BENGALURU,KARNATAKA,IN,04,28,22
4546,402-7273102-2737104,Shipped - Rejected by Buyer,Merchant,Amazon.in,Standard,J0003,J0003-SET-XXL,Set,XXL,B0894XKVH3,Shipped,1,654.0,NASHIK,MAHARASHTRA,IN,04,27,22
16633,406-2528038-8442757,Shipped - Returning to Seller,Merchant,Amazon.in,Standard,SET397,SET397-KR-NP-XS,Set,XS,B09RKDH2BT,Shipped,1,1115.0,DULIAJAN,ASSAM,IN,04,20,22
30816,408-4805720-2828314,Shipped - Rejected by Buyer,Merchant,Amazon.in,Standard,SET144,SET144-KR-NP-XS,Set,XS,B0822RTHVK,Shipped,1,788.0,FARIDABAD,HARYANA,IN,04,12,22
31084,402-2733877-9862735,Shipped - Rejected by Buyer,Merchant,Amazon.in,Standard,SET257,SET257-KR-PP-S,Set,S,B0983FN98F,Shipped,1,568.0,VISAKHAPATNAM,ANDHRA PRADESH,IN,04,12,22
33352,406-9302740-6397127,Shipped - Returning to Seller,Merchant,Amazon.in,Standard,SET364,SET364-KR-NP-L,Set,L,B09QJ495SF,Shipped,1,1126.0,SINGRAULI,MADHYA PRADESH,IN,04,10,22
37098,405-6274687-2899536,Shipped - Rejected by Buyer,Merchant,Amazon.in,Standard,JNE3834,JNE3834-KR-M,kurta,M,B09Q3HSG1T,Shipped,1,521.0,PUNE,MAHARASHTRA,IN,04,08,22
43274,403-7550590-0976321,Shipped - Rejected by Buyer,Merchant,Amazon.in,Standard,J0304,J0304-TP-XXXL,Top,3XL,B099S7YCZY,Shipped,1,297.0,URAN ISLAMPUR,MAHARASHTRA,IN,04,04,22
49186,408-0131862-2469171,Shipped - Returning to Seller,Merchant,Amazon.in,Standard,J0003,J0003-SET-M,Set,M,B0894XH3LN,Shipped,1,696.0,Guntur,ANDHRA PRADESH,IN,05,31,22
51341,405-0091036-1962761,Shipped - Returning to Seller,Merchant,Amazon.in,Standard,JNE3476,JNE3476-KR-L,kurta,L,B08B3YN5Y7,Shipped,1,405.0,PORT BLAIR,ANDAMAN & NICOBAR ,IN,05,30,22
52733,402-3092086-7905940,Shipped - Lost in Transit,Merchant,Amazon.in,Standard,SET397,SET397-KR-NP-S,Set,S,B09RKF9GZQ,Shipped,1,999.0,BHINMAL,RAJASTHAN,IN,05,29,22
57215,171-2621701-3445110,Shipped - Returning to Seller,Merchant,Amazon.in,Standard,BTM029,BTM029-NP-XS,Bottom,XS,B0845Z3SQS,Shipped,1,518.0,PORT BLAIR,ANDAMAN & NICOBAR ,IN,05,25,22
63998,171-9420000-3901949,Shipped - Returning to Seller,Merchant,Amazon.in,Standard,J0117,J0117-TP-XL,Top,XL,B08N4H7B3Y,Shipped,1,545.0,Mumbai,MAHARASHTRA,IN,05,19,22
68542,171-8470430-8735521,Shipped - Lost in Transit,Merchant,Amazon.in,Standard,JNE3629,JNE3629-KR-XL,kurta,XL,B08W1PHJSG,Shipped,1,499.0,Bengaluru,KARNATAKA,IN,05,16,22
68543,171-8470430-8735521,Shipped - Lost in Transit,Merchant,Amazon.in,Standard,JNE3724,JNE3724-KR-XL,kurta,XL,B097ZZZ37J,Shipped,1,499.0,Bengaluru,KARNATAKA,IN,05,16,22
68653,403-7422899-4877954,Shipped - Returning to Seller,Merchant,Amazon.in,Standard,SET341,SET341-KR-NP-XL,Set,XL,B09NPX3HG3,Shipped,1,857.0,DIMAPUR,NAGALAND,IN,05,16,22
68654,403-7422899-4877954,Shipped - Returning to Seller,Merchant,Amazon.in,Standard,SET341,SET341-KR-NP-XXL,Set,XXL,B09NPWD7J2,Shipped,1,857.0,DIMAPUR,NAGALAND,IN,05,16,22
68655,403-7422899-4877954,Shipped - Returning to Seller,Merchant,Amazon.in,Standard,SET341,SET341-KR-NP-XXXL,Set,3XL,B09NPXRTKD,Shipped,1,857.0,DIMAPUR,NAGALAND,IN,05,16,22
68656,403-7422899-4877954,Shipped - Returning to Seller,Merchant,Amazon.in,Standard,SET341,SET341-KR-NP-L,Set,L,B09NPXCZZG,Shipped,2,1714.0,DIMAPUR,NAGALAND,IN,05,16,22
69557,171-5513874-0201147,Shipped - Returning to Seller,Merchant,Amazon.in,Standard,SET389,SET389-KR-NP-XL,Set,XL,B09KXW4WQC,Shipped,1,648.0,THANE,MAHARASHTRA,IN,05,15,22
72121,407-5583901-8387568,Shipped - Returning to Seller,Merchant,Amazon.in,Standard,SET321,SET321-KR-DPT-M,Set,M,B09KXW37V8,Shipped,1,967.0,PUNE,MAHARASHTRA,IN,05,13,22
72122,407-5583901-8387568,Shipped - Returning to Seller,Merchant,Amazon.in,Standard,SET304,SET304-KR-DPT-L,Set,L,B09K3S3FFN,Shipped,1,1186.0,PUNE,MAHARASHTRA,IN,05,13,22
73327,403-1071980-5793162,Shipped - Returning to Seller,Merchant,Amazon.in,Standard,JNE3797,JNE3797-KR-A-XXL,Western Dress,XXL,B09TH3MNW7,Shipped,1,771.0,PALAKKAD,KERALA,IN,05,12,22
73328,403-1071980-5793162,Shipped - Returning to Seller,Merchant,Amazon.in,Standard,JNE3800,JNE3800-KR-A-XXL,Western Dress,XXL,B09TH5KHC9,Shipped,1,771.0,PALAKKAD,KERALA,IN,05,12,22
88502,406-4823238-5865152,Shipped - Returning to Seller,Merchant,Amazon.in,Standard,JNE3680,JNE3680-TU-M,Top,M,B09438FK2J,Shipped,1,574.0,SURAT,Gujarat,IN,05,02,22
93615,405-4218381-9877124,Shipped - Rejected by Buyer,Merchant,Amazon.in,Standard,SET333,SET333-KR-DPT-M,Set,M,B09RKF4FNJ,Shipped,1,967.0,VIZIANAGARAM,ANDHRA PRADESH,IN,06,27,22
94720,407-0581356-6051563,Shipped - Returning to Seller,Merchant,Amazon.in,Standard,SET385,SET385-KR-NP-L,Set,L,B09K3Z4GHN,Shipped,1,629.0,Meerut,UTTAR PRADESH,IN,06,26,22
95472,405-5992828-8819521,Shipped - Returning to Seller,Merchant,Amazon.in,Standard,SET335,SET335-KR-NP-M,Set,M,B09Y3F5F8Q,Shipped,1,771.0,CHANDIGARH,CHANDIGARH,IN,06,25,22
95618,402-5161581-8154727,Shipped - Returning to Seller,Merchant,Amazon.in,Standard,SET405,SET405-KR-NP-M,Set,M,B09QJ5M6TW,Shipped,1,771.0,RUDRAPRAYAG,UTTARAKHAND,IN,06,25,22
95992,405-6435891-5057136,Shipped - Returning to Seller,Merchant,Amazon.in,Standard,JNE3674,JNE3674-TU-L,Top,L,B09434VXFX,Shipped,1,574.0,KARANJA,MAHARASHTRA,IN,06,25,22
96123,404-0469525-1738742,Shipped - Returning to Seller,Merchant,Amazon.in,Standard,JNE3665,JNE3665-TP-M,Top,M,B098755S1W,Shipped,1,545.0,NOIDA,UTTAR PRADESH,IN,06,25,22
96131,171-4438130-3058704,Shipped - Returning to Seller,Merchant,Amazon.in,Standard,J0008,J0008-SKD-S,Set,S,B0894XGJ83,Shipped,1,1075.0,PUNE,MAHARASHTRA,IN,06,25,22
96257,405-4654917-3844360,Shipped - Returning to Seller,Merchant,Amazon.in,Standard,J0241,J0241-SKD-S,Set,S,B0925VXHMW,Shipped,1,1338.0,Ghaziabad,UTTAR PRADESH,IN,06,25,22
96321,405-7388135-0804314,Shipped - Returning to Seller,Merchant,Amazon.in,Standard,JNE3798,JNE3798-KR-XL,Western Dress,XL,B09SDXG1CP,Shipped,2,1470.0,NELLORE,ANDHRA PRADESH,IN,06,25,22
96375,402-1856398-1124338,Shipped - Returning to Seller,Merchant,Amazon.in,Standard,SET405,SET405-KR-NP-XXL,Set,XXL,B09QJ2HM91,Shipped,1,771.0,GURUGRAM,HARYANA,IN,06,25,22
96538,408-7277732-9480347,Shipped - Returning to Seller,Merchant,Amazon.in,Standard,J0230,J0230-SKD-XXXL,Set,3XL,B08XNH9MJL,Shipped,1,1163.0,CHAMRAIL,WEST BENGAL,IN,06,24,22
96596,407-6463341-6613912,Shipped - Returning to Seller,Merchant,Amazon.in,Standard,SET183,SET183-KR-DH-M,Set,M,B08B3Z2YY3,Shipped,1,759.0,MAHOBA,UTTAR PRADESH,IN,06,24,22
96623,406-0794552-2949124,Shipped - Returning to Seller,Merchant,Amazon.in,Standard,JNE3620,JNE3620-KR-M,kurta,M,B091Q9FQ4B,Shipped,1,339.0,BENGALURU,KARNATAKA,IN,06,24,22
96741,406-6150236-8562711,Shipped - Returning to Seller,Merchant,Amazon.in,Standard,JNE3620,JNE3620-KR-XXL,kurta,XXL,B091Q92M8Z,Shipped,1,339.0,Buldana,MAHARASHTRA,IN,06,24,22
96890,404-1990795-5700334,Shipped - Returning to Seller,Merchant,Amazon.in,Standard,JNE3709,JNE3709-DR-XXL,Western Dress,XXL,B091T8S3BP,Shipped,1,999.0,VARANASI,UTTAR PRADESH,IN,06,24,22
96996,171-7275779-6940326,Shipped - Rejected by Buyer,Merchant,Amazon.in,Standard,JNE3712,JNE3712-TP-N-M,Top,M,B08ZJ91MT3,Shipped,1,518.0,MUMBAI,MAHARASHTRA,IN,06,24,22
97042,408-1738449-6055564,Shipped - Returning to Seller,Merchant,Amazon.in,Standard,JNE3470,JNE3470-KR-L,kurta,L,B08W8GRH1S,Shipped,1,329.0,coimbatore,TAMIL NADU,IN,06,24,22
97043,408-1738449-6055564,Shipped - Returning to Seller,Merchant,Amazon.in,Standard,JNE3468,JNE3468-KR-XXL,kurta,XXL,B08RP3TP66,Shipped,1,387.0,coimbatore,TAMIL NADU,IN,06,24,22
97084,405-0440388-3884349,Shipped - Returning to Seller,Merchant,Amazon.in,Standard,SET408,SET408-KR-NP-XXXL,Set,3XL,B09RKF7PZB,Shipped,1,499.0,Hyderabad,TELANGANA,IN,06,24,22
97256,407-2745321-6484303,Shipped - Returning to Seller,Merchant,Amazon.in,Standard,SET183,SET183-KR-DH-M,Set,M,B08B3Z2YY3,Shipped,1,759.0,HARIDWAR,UTTARAKHAND,IN,06,24,22
97408,408-9103810-9609927,Shipped - Returning to Seller,Merchant,Amazon.in,Standard,J0379,J0379-SKD-XL,Set,XL,B09M6YZ9K1,Shipped,1,1369.0,MUMBAI,MAHARASHTRA,IN,06,24,22
97409,408-9103810-9609927,Shipped - Returning to Seller,Merchant,Amazon.in,Standard,SET014,SET014-KR-PP-XL,Set,XL,B07JPDNJTB,Shipped,1,783.0,MUMBAI,MAHARASHTRA,IN,06,24,22
97410,408-9103810-9609927,Shipped - Returning to Seller,Merchant,Amazon.in,Standard,J0244,J0244-SKD-L,Set,L,B0925WM8Z6,Shipped,1,1176.0,MUMBAI,MAHARASHTRA,IN,06,24,22
97411,408-9103810-9609927,Shipped - Returning to Seller,Merchant,Amazon.in,Standard,SET249,SET249-KR-NP-XL,Set,XL,B08XQB8BZQ,Shipped,1,675.0,MUMBAI,MAHARASHTRA,IN,06,24,22
97416,171-1770177-9329133,Shipped - Returning to Seller,Merchant,Amazon.in,Standard,J0281,J0281-SKD-XL,Set,XL,B08QGMYV8L,Shipped,1,1398.0,CHITTOOR,ANDHRA PRADESH,IN,06,24,22
97506,408-0369281-6735517,Shipped - Returning to Seller,Merchant,Amazon.in,Standard,JNE3797,JNE3797-KR-XXL,Western Dress,XXL,B09SDXSQ33,Shipped,1,735.0,kadapa,ANDHRA PRADESH,IN,06,23,22
97551,404-7842808-5559542,Shipped - Returning to Seller,Merchant,Amazon.in,Standard,JNE3797,JNE3797-KR-XL,Western Dress,XL,B09SDXRYBG,Shipped,1,735.0,KALYAN,MAHARASHTRA,IN,06,23,22
97558,408-0743109-2070766,Shipped - Returning to Seller,Merchant,Amazon.in,Standard,SET431,SET431-KR-NP-M,Set,M,B0B3NB42VV,Shipped,1,899.0,RAMAGUNDAM,TELANGANA,IN,06,23,22
97566,402-9232810-4145135,Shipped - Returning to Seller,Merchant,Amazon.in,Standard,JNE2014,JNE2014-KR-178-M,kurta,M,B077M6KWYJ,Shipped,2,706.0,NEW DELHI,DELHI,IN,06,23,22
97586,405-2679445-3445142,Shipped - Rejected by Buyer,Merchant,Amazon.in,Standard,J0415,J0415-DR-XS,Western Dress,XS,B09TY2F73Y,Shipped,1,899.0,LUCKNOW,UTTAR PRADESH,IN,06,23,22
97593,406-0872101-5245154,Shipped - Returning to Seller,Merchant,Amazon.in,Standard,J0244,J0244-SKD-L,Set,L,B0925WM8Z6,Shipped,1,1176.0,GORAKHPUR,UTTAR PRADESH,IN,06,23,22
97618,403-4138276-5258721,Shipped - Returning to Seller,Merchant,Amazon.in,Standard,NW009,NW009-ST-CP-XXL,Set,XXL,B0922SDND3,Shipped,1,560.0,BENGALURU,KARNATAKA,IN,06,23,22
97717,171-4488346-8235533,Shipped - Returning to Seller,Merchant,Amazon.in,Standard,J0351,J0351-SET-S,Set,S,B09CT88XNF,Shipped,1,792.0,MUMBAI,MAHARASHTRA,IN,06,23,22
97766,404-0340474-3158717,Shipped - Returning to Seller,Merchant,Amazon.in,Standard,JNE3797,JNE3797-KR-L,Western Dress,L,B09SDXFFQ1,Shipped,1,735.0,Hyderabad,TELANGANA,IN,06,23,22
97796,408-1958381-4728337,Shipped - Returning to Seller,Merchant,Amazon.in,Standard,SET323,SET323-KR-NP-L,Set,L,B09NDKDH96,Shipped,1,0.0,NEW DELHI,DELHI,IN,06,23,22
97847,404-3661032-4788335,Shipped - Returning to Seller,Merchant,Amazon.in,Standard,NW031,NW031-TP-PJ-XXL,Set,XXL,B0928ZDZ1X,Shipped,1,565.0,CHITRADURGA,KARNATAKA,IN,06,23,22
97878,407-9826101-8337164,Shipped - Returning to Seller,Merchant,Amazon.in,Standard,JNE3800,JNE3800-KR-S,Western Dress,S,B09SDXB141,Shipped,1,735.0,LUCKNOW,UTTAR PRADESH,IN,06,23,22
98049,171-8269357-7709952,Shipped - Returning to Seller,Merchant,Amazon.in,Standard,J0005,J0005-DR-M,Western Dress,M,B08B3YBBPT,Shipped,1,845.0,CHANDIGARH,CHANDIGARH,IN,06,23,22
98119,405-6166982-8887500,Shipped - Returning to Seller,Merchant,Amazon.in,Standard,SET386,SET386-KR-NP-XXXL,Set,3XL,B09K3L9Z85,Shipped,1,599.0,BHUBANESWAR,ODISHA,IN,06,23,22
98363,171-8124450-7035526,Shipped - Returning to Seller,Merchant,Amazon.in,Standard,SET128,SET128-KR-DH-XXL,Set,XXL,B07X3JKC37,Shipped,1,921.0,AHMEDABAD,Gujarat,IN,06,23,22
98497,406-7806539-6217919,Shipped - Returning to Seller,Merchant,Amazon.in,Standard,JNE3697,JNE3697-KR-M,kurta,M,B098136DNF,Shipped,1,486.0,ERNAKULAM,KERALA,IN,06,23,22
98552,405-3473686-8042756,Shipped - Returning to Seller,Merchant,Amazon.in,Standard,JNE3797,JNE3797-KR-XXL,Western Dress,XXL,B09SDXSQ33,Shipped,1,735.0,THRISSUR,KERALA,IN,06,22,22
98598,403-8872736-1557163,Shipped - Returning to Seller,Merchant,Amazon.in,Standard,SET365,SET365-KR-NP-M,Set,M,B09QJMMRRB,Shipped,1,1221.0,AHMEDABAD,Gujarat,IN,06,22,22
98641,402-0907786-9321957,Shipped - Returning to Seller,Merchant,Amazon.in,Standard,JNE3749,JNE3749-KR-L,kurta,L,B09K41PGGB,Shipped,1,457.0,Kadapa,ANDHRA PRADESH,IN,06,22,22
98758,403-6334922-9813125,Shipped - Returning to Seller,Merchant,Amazon.in,Standard,NW005,NW005-ST-PJ-XXXL,Set,3XL,B0922RYWBL,Shipped,1,562.0,BENGALURU,KARNATAKA,IN,06,22,22
98774,406-5767908-3583519,Shipped - Returning to Seller,Merchant,Amazon.in,Standard,SET408,SET408-KR-NP-XXXL,Set,3XL,B09RKF7PZB,Shipped,1,484.0,KANCHIPURAM,TAMIL NADU,IN,06,22,22
98828,402-8386543-9457108,Shipped - Rejected by Buyer,Merchant,Amazon.in,Standard,SET280,SET280-KR-PP-M,Set,M,B09CT99GWK,Shipped,1,790.0,AJMER,RAJASTHAN,IN,06,22,22
98919,407-0301789-9199545,Shipped - Returning to Seller,Merchant,Amazon.in,Standard,SET335,SET335-KR-NP-XS,Set,XS,B09Y3GD14B,Shipped,1,725.0,NAVI MUMBAI,MAHARASHTRA,IN,06,22,22
99209,408-0061759-3777154,Shipped - Returning to Seller,Merchant,Amazon.in,Standard,JNE3668,JNE3668-TP-N-S,Top,S,B08ZHH8P8R,Shipped,1,518.0,NEW DELHI,DELHI,IN,06,22,22
99379,403-6982561-0558719,Shipped - Returning to Seller,Merchant,Amazon.in,Standard,JNE3797,JNE3797-KR-S,Western Dress,S,B09SDYQ3WG,Shipped,1,735.0,NARASANNAPETA,ANDHRA PRADESH,IN,06,22,22
99553,404-5989093-5399515,Shipped - Returning to Seller,Merchant,Amazon.in,Standard,SET205,SET205-KR-DPT-A-XXXL,Set,3XL,B08L93C2FW,Shipped,2,798.0,CHENNAI,TAMIL NADU,IN,06,22,22
99604,402-8442241-1553928,Shipped - Returning to Seller,Merchant,Amazon.in,Standard,JNE3797,JNE3797-KR-M,Western Dress,M,B09SDY8DCT,Shipped,1,735.0,HYDERABAD,TELANGANA,IN,06,22,22
99636,404-9751018-4064355,Shipped - Returning to Seller,Merchant,Amazon.in,Standard,JNE1233,JNE1233-BLUE-KR-031-M,kurta,M,B01M0LXTZE,Shipped,1,376.0,NARNAUL,HARYANA,IN,06,22,22
99673,407-4898819-9187513,Shipped - Returning to Seller,Merchant,Amazon.in,Standard,JNE3797,JNE3797-KR-XS,Western Dress,XS,B09SDY9SQ6,Shipped,1,735.0,BALLY,WEST BENGAL,IN,06,22,22
99725,404-0441801-4336300,Shipped - Returning to Seller,Merchant,Amazon.in,Standard,JNE3503,JNE3503-KR-XXXL,kurta,3XL,B08RP2BV5Q,Shipped,1,308.0,BENGALURU,KARNATAKA,IN,06,22,22
99726,404-0441801-4336300,Shipped - Returning to Seller,Merchant,Amazon.in,Standard,JNE3703,JNE3703-KR-XL,kurta,XL,B099NNYQ1K,Shipped,1,292.0,BENGALURU,KARNATAKA,IN,06,22,22
99727,404-0441801-4336300,Shipped - Returning to Seller,Merchant,Amazon.in,Standard,JNE3371,JNE3371-KR-XXL,kurta,XXL,B07WP5FFS8,Shipped,1,318.0,BENGALURU,KARNATAKA,IN,06,22,22
99946,408-1650700-1092362,Shipped - Returning to Seller,Merchant,Amazon.in,Standard,JNE3910,JNE3910-KR-S,kurta,S,B0B3MQNBHN,Shipped,1,692.0,Gwalior,MADHYA PRADESH,IN,06,21,22
100016,402-5272908-8857168,Shipped - Returning to Seller,Merchant,Amazon.in,Standard,SET193,SET193-KR-NP-A-M,Set,M,B08L94M5V3,Shipped,1,771.0,HARDOI,UTTAR PRADESH,IN,06,21,22
100047,402-1175373-3693932,Shipped - Returning to Seller,Merchant,Amazon.in,Standard,JNE3621,JNE3621-KR-A-XL,kurta,XL,B0B3MYL7FV,Shipped,1,428.0,CHIPLUN,MAHARASHTRA,IN,06,21,22
100120,407-2652846-6993928,Shipped - Returning to Seller,Merchant,Amazon.in,Standard,J0003,J0003-SET-S,Set,S,B0894X27FC,Shipped,1,664.0,DHARWAD,KARNATAKA,IN,06,21,22
100204,171-6625194-6985931,Shipped - Returning to Seller,Merchant,Amazon.in,Standard,J0369,J0369-SKD-L,Set,L,B09K3PNR27,Shipped,1,1099.0,HYDERABAD,TELANGANA,IN,06,21,22
100209,406-5795952-8605928,Shipped - Returning to Seller,Merchant,Amazon.in,Standard,JNE3797,JNE3797-KR-XL,Western Dress,XL,B09SDXRYBG,Shipped,1,735.0,DIPHU,ASSAM,IN,06,21,22
100240,402-0398501-7309167,Shipped - Returning to Seller,Merchant,Amazon.in,Standard,JNE3454,JNE3454-KR-XXXL,kurta,3XL,B08B3YWFMD,Shipped,1,435.0,NEW DELHI,DELHI,IN,06,21,22
100271,171-6727815-5870751,Shipped - Returning to Seller,Merchant,Amazon.in,Standard,MEN5025,MEN5025-KR-M,kurta,M,B08YYR1BFP,Shipped,1,754.0,CUTTACK,ODISHA,IN,06,21,22
100380,171-1083565-4231511,Shipped - Returning to Seller,Merchant,Amazon.in,Standard,JNE3797,JNE3797-KR-XXL,Western Dress,XXL,B09SDXSQ33,Shipped,1,735.0,BENGALURU,KARNATAKA,IN,06,21,22
100494,406-9793335-1189130,Shipped - Returning to Seller,Merchant,Amazon.in,Standard,JNE3458,JNE3458-KR-XL,kurta,XL,B08HK4VS4M,Shipped,1,369.0,CHENNAI,TAMIL NADU,IN,06,21,22
100537,408-7581018-5329961,Shipped - Returning to Seller,Merchant,Amazon.in,Standard,JNE3659,JNE3659-TP-N-XS,Top,XS,B08ZJ5RSCH,Shipped,1,463.0,THRISSUR,KERALA,IN,06,21,22
100619,408-8147887-5412365,Shipped - Returning to Seller,Merchant,Amazon.in,Standard,SET327,SET327-KR-DPT-XL,Set,XL,B09PN1HZ58,Shipped,1,939.0,JALGAON,MAHARASHTRA,IN,06,21,22
100636,403-3157148-1581928,Shipped - Returning to Seller,Merchant,Amazon.in,Standard,J0230,J0230-SKD-XXL,Set,XXL,B08XNGQCGM,Shipped,1,1163.0,GAYA,BIHAR,IN,06,21,22
100644,171-3486131-4805124,Shipped - Returning to Seller,Merchant,Amazon.in,Standard,JNE3798,JNE3798-KR-XXXL,Western Dress,3XL,B09SDYHWLW,Shipped,1,725.0,Karungal,TAMIL NADU,IN,06,21,22
101027,407-1896515-5997945,Shipped - Returning to Seller,Merchant,Amazon.in,Standard,JNE3800,JNE3800-KR-A-XL,Western Dress,XL,B09TH33GBM,Shipped,1,725.0,HYDERABAD,TELANGANA,IN,06,21,22
101028,407-1896515-5997945,Shipped - Returning to Seller,Merchant,Amazon.in,Standard,SET335,SET335-KR-NP-XL,Set,XL,B09Y3GF3TB,Shipped,1,725.0,HYDERABAD,TELANGANA,IN,06,21,22
101085,403-3446659-0022758,Shipped - Returning to Seller,Merchant,Amazon.in,Standard,SET203,SET203-KR-DPT-L,Set,L,B08MYV6C3Y,Shipped,1,416.0,PANDAVAPURA,KARNATAKA,IN,06,21,22
101128,406-0744843-2017103,Shipped - Returning to Seller,Merchant,Amazon.in,Standard,JNE3484,JNE3484-KR-XXL,kurta,XXL,B08W8NSFRH,Shipped,1,301.0,CHITTOOR,ANDHRA PRADESH,IN,06,21,22
101131,402-0655492-1766712,Shipped - Returning to Seller,Merchant,Amazon.in,Standard,JNE3797,JNE3797-KR-L,Western Dress,L,B09SDXFFQ1,Shipped,1,735.0,GHAZIABAD,UTTAR PRADESH,IN,06,21,22
101138,402-4576615-1536326,Shipped - Returning to Seller,Merchant,Amazon.in,Standard,J0012,J0012-SKD-XXXL,Set,3XL,B0894Y1W9Q,Shipped,1,1137.0,PUNJAIPULIAMPATTI,TAMIL NADU,IN,06,21,22
101203,406-7549206-1172326,Shipped - Returning to Seller,Merchant,Amazon.in,Standard,JNE3910,JNE3910-KR-S,kurta,S,B0B3MQNBHN,Shipped,1,692.0,PATNA,BIHAR,IN,06,20,22
101204,406-7549206-1172326,Shipped - Returning to Seller,Merchant,Amazon.in,Standard,JNE3797,JNE3797-KR-S,Western Dress,S,B09SDYQ3WG,Shipped,1,735.0,PATNA,BIHAR,IN,06,20,22
101291,171-3072771-7059569,Shipped - Returning to Seller,Merchant,Amazon.in,Standard,JNE3465,JNE3465-KR-XXXL,kurta,3XL,B08BFVXK6N,Shipped,1,491.0,Karungal,TAMIL NADU,IN,06,20,22
101292,405-2914877-2133149,Shipped - Returning to Seller,Merchant,Amazon.in,Standard,SET144,SET144-KR-NP-S,Set,S,B0822SHZ5K,Shipped,1,764.0,KOLKATA,WEST BENGAL,IN,06,20,22
102006,404-8703765-9279529,Shipped - Returning to Seller,Merchant,Amazon.in,Standard,SET350,SET350-KR-NP-XL,Set,XL,B09RKD2Z9R,Shipped,1,1088.0,GAUTAM BUDDHA NAGAR,UTTAR PRADESH,IN,06,20,22
102047,171-9051318-8664325,Shipped - Returning to Seller,Merchant,Amazon.in,Standard,JNE3806,JNE3806-KR-L,kurta,L,B09RKC8XLG,Shipped,1,529.0,BENGALURU,KARNATAKA,IN,06,20,22
102077,408-4769384-3604315,Shipped - Returning to Seller,Merchant,Amazon.in,Standard,SET357,SET357-KR-NP-S,Set,S,B09Y3GBB15,Shipped,1,725.0,GUWAHATI,ASSAM,IN,06,20,22
102110,171-1200993-1951545,Shipped - Returning to Seller,Merchant,Amazon.in,Standard,J0379,J0379-SKD-XS,Set,XS,B09M6VPHJY,Shipped,1,1287.0,KATIHAR,BIHAR,IN,06,20,22
102173,404-4945743-2598728,Shipped - Returning to Seller,Merchant,Amazon.in,Standard,SET183,SET183-KR-DH-M,Set,M,B08B3Z2YY3,Shipped,1,759.0,GHAZIABAD,UTTAR PRADESH,IN,06,20,22
102220,405-3086864-0802723,Shipped - Rejected by Buyer,Merchant,Amazon.in,Standard,SET357,SET357-KR-NP-XL,Set,XL,B09Y3FNR5D,Shipped,1,725.0,CHENNAI,TAMIL NADU,IN,06,20,22
102292,408-1717435-7905904,Shipped - Returning to Seller,Merchant,Amazon.in,Standard,JNE3797,JNE3797-KR-XL,Western Dress,XL,B09SDXRYBG,Shipped,1,0.0,NOIDA,UTTAR PRADESH,IN,06,20,22
102321,405-5466257-3661125,Shipped - Returning to Seller,Merchant,Amazon.in,Standard,JNE3487,JNE3487-KR-XL,kurta,XL,B08RNPK8FX,Shipped,1,335.0,VIJAYAWADA,ANDHRA PRADESH,IN,06,20,22
102433,408-5352999-1005917,Shipped - Returning to Seller,Merchant,Amazon.in,Standard,SET270,SET270-KR-PP-XXL,Set,XXL,B094FR5S1D,Shipped,1,551.0,SIDCUL HARIDWAR,UTTARAKHAND,IN,06,19,22
102448,408-9075148-0046728,Shipped - Returning to Seller,Merchant,Amazon.in,Standard,J0349,J0349-SET-M,Set,M,B099NWNGVK,Shipped,1,845.0,NOIDA,UTTAR PRADESH,IN,06,19,22
102449,408-9075148-0046728,Shipped - Returning to Seller,Merchant,Amazon.in,Standard,J0351,J0351-SET-M,Set,M,B09CT2T32X,Shipped,1,782.0,NOIDA,UTTAR PRADESH,IN,06,19,22
102616,406-7956556-7956352,Shipped - Returning to Seller,Merchant,Amazon.in,Standard,JNE3801,JNE3801-KR-L,kurta,L,B09SDY51NS,Shipped,1,735.0,RAICHUR,KARNATAKA,IN,06,19,22
102664,403-3466105-6728301,Shipped - Returning to Seller,Merchant,Amazon.in,Standard,J0347,J0347-SET-XL,Set,XL,B09DY9HV4N,Shipped,1,599.0,GHAZIABAD,UTTAR PRADESH,IN,06,19,22
102676,407-6693726-5617108,Shipped - Damaged,Merchant,Amazon.in,Standard,J0396,J0396-DR-XXXL,Western Dress,3XL,B09SDXPC2C,Shipped,1,1136.0,CHENNAI,TAMIL NADU,IN,06,19,22
102702,406-4831746-4074762,Shipped - Returning to Seller,Merchant,Amazon.in,Standard,SET363,SET363-KR-NP-XL,Set,XL,B09TH6N96L,Shipped,1,1115.0,SULTANPUR,UTTAR PRADESH,IN,06,19,22
102766,404-0287716-5181948,Shipped - Returning to Seller,Merchant,Amazon.in,Standard,NW005,NW005-ST-PJ-XL,Set,XL,B0922WJ27J,Shipped,1,562.0,CHENNAI,TAMIL NADU,IN,06,19,22
103056,171-1780028-7275548,Shipped - Returning to Seller,Merchant,Amazon.in,Standard,JNE3708,JNE3708-TU-L,Top,L,B099S788RD,Shipped,1,704.0,PUNE,MAHARASHTRA,IN,06,19,22
103159,407-4755605-3446763,Shipped - Returning to Seller,Merchant,Amazon.in,Standard,JNE3856,JNE3856-KR-XXXL,kurta,3XL,B09QJ3H57V,Shipped,1,626.0,CHENNAI,TAMIL NADU,IN,06,19,22
103290,408-5532006-2473962,Shipped - Returning to Seller,Merchant,Amazon.in,Standard,JNE3869,JNE3869-DR-M,Western Dress,M,B09RK7Q644,Shipped,1,948.0,GARHMUKTESHWAR,UTTAR PRADESH,IN,06,19,22
103386,402-4685333-8464335,Shipped - Returning to Seller,Merchant,Amazon.in,Standard,JNE3838,JNE3838-KR-M,kurta,M,B09TH7F8WY,Shipped,1,387.0,SILIGURI,WEST BENGAL,IN,06,19,22
103395,406-5759296-8469957,Shipped - Returning to Seller,Merchant,Amazon.in,Standard,J0285,J0285-SKD-XXL,Set,XXL,B08QGM18YN,Shipped,1,1442.0,NEW DELHI,DELHI,IN,06,19,22
103423,407-2335364-9489112,Shipped - Returning to Seller,Merchant,Amazon.in,Standard,SET394,SET394-KR-NP-L,Set,L,B09TH7HWBM,Shipped,1,1063.0,SONAMURA,TRIPURA,IN,06,19,22
103433,406-5710978-3425964,Shipped - Returning to Seller,Merchant,Amazon.in,Standard,SET363,SET363-KR-NP-XL,Set,XL,B09TH6N96L,Shipped,1,1115.0,SULTANPUR,UTTAR PRADESH,IN,06,19,22
103476,403-7263108-5001166,Shipped - Returning to Seller,Merchant,Amazon.in,Standard,SET357,SET357-KR-NP-M,Set,M,B09Y3MWCDM,Shipped,1,725.0,CHENNAI,TAMIL NADU,IN,06,19,22
103827,403-0188508-5968308,Shipped - Returning to Seller,Merchant,Amazon.in,Standard,SET323,SET323-KR-NP-XL,Set,XL,B09NDKKM7P,Shipped,1,939.0,DIMAPUR,NAGALAND,IN,06,18,22
103915,407-8439196-9425949,Shipped - Returning to Seller,Merchant,Amazon.in,Standard,NW037,NW037-TP-SR-M,Set,M,B099NSJG7Z,Shipped,1,437.0,CUTTACK,ODISHA,IN,06,18,22
103997,408-0156090-8664321,Shipped - Returning to Seller,Merchant,Amazon.in,Standard,NW012,NW012-TP-PJ-S,Set,S,B0922T13R1,Shipped,1,521.0,LUCKNOW,UTTAR PRADESH,IN,06,18,22
104059,407-7426342-6996316,Shipped - Returning to Seller,Merchant,Amazon.in,Standard,J0373,J0373-KR-XXL,kurta,XXL,B09KXNV41S,Shipped,1,558.0,BHAGALPUR,BIHAR,IN,06,18,22
104114,405-9562629-9911521,Shipped - Returning to Seller,Merchant,Amazon.in,Standard,J0399,J0399-DR-S,Western Dress,S,B09SDX2WZJ,Shipped,1,1044.0,Madhurai uthangudi,TAMIL NADU,IN,06,18,22
104241,404-5845684-0713147,Shipped - Returning to Seller,Merchant,Amazon.in,Standard,JNE3764,JNE3764-KR-XS,kurta,XS,B09K3SHHMP,Shipped,1,387.0,BAIRGANIA,BIHAR,IN,06,18,22
104299,407-3564347-6862759,Shipped - Returning to Seller,Merchant,Amazon.in,Standard,JNE3870,JNE3870-DR-S,Western Dress,S,B09RK7FBWT,Shipped,1,948.0,BENGALURU,KARNATAKA,IN,06,18,22
104300,407-3564347-6862759,Shipped - Returning to Seller,Merchant,Amazon.in,Standard,J0157,J0157-DR-S,Western Dress,S,B098P3LXT1,Shipped,1,908.0,BENGALURU,KARNATAKA,IN,06,18,22
104584,406-5266312-2272303,Shipped - Returning to Seller,Merchant,Amazon.in,Standard,PJNE3363,PJNE3363-KR-N-5XL,kurta,5XL,B09LD3VCRC,Shipped,1,718.0,RANCHI,JHARKHAND,IN,06,18,22
104812,171-1997457-2088362,Shipped - Returning to Seller,Merchant,Amazon.in,Standard,SET205,SET205-KR-DPT-A-XXXL,Set,3XL,B08L93C2FW,Shipped,1,399.0,BARH,BIHAR,IN,06,17,22
104826,406-5903817-5167538,Shipped - Returning to Seller,Merchant,Amazon.in,Standard,SET217,SET217-KR-PP-XXL,Set,XXL,B089B1GM9F,Shipped,1,786.0,KOLKATA,WEST BENGAL,IN,06,17,22
105292,405-5277450-2242708,Shipped - Returning to Seller,Merchant,Amazon.in,Standard,SET247,SET247-KR-SHA-XXL,Set,XXL,B09B57VTBF,Shipped,1,680.0,DARJEELING,WEST BENGAL,IN,06,17,22
105733,171-6272688-4006743,Shipped - Returning to Seller,Merchant,Amazon.in,Standard,SET145,SET145-KR-NP-L,Set,L,B0822SX9WB,Shipped,1,764.0,KOLKATA,WEST BENGAL,IN,06,17,22
105750,402-6063900-4033956,Shipped - Returning to Seller,Merchant,Amazon.in,Standard,JNE3902,JNE3902-KR-XXXL,kurta,3XL,B09YYL78L7,Shipped,1,599.0,BHUBANESWAR,ODISHA,IN,06,17,22
105801,404-6088180-1499544,Shipped - Returning to Seller,Merchant,Amazon.in,Standard,SET402,SET402-KR-NP-XL,Set,XL,B09VC53FQW,Shipped,2,1976.0,DURGAPUR,WEST BENGAL,IN,06,17,22
106053,402-1549165-3538760,Shipped - Returning to Seller,Merchant,Amazon.in,Standard,JNE3475,JNE3475-KR-K-M,kurta,M,B08P1FMXZ5,Shipped,1,333.0,PATNA,BIHAR,IN,06,16,22
107168,403-5161694-4712346,Shipped - Returning to Seller,Merchant,Amazon.in,Standard,JNE3797,JNE3797-KR-L,Western Dress,L,B09SDXFFQ1,Shipped,1,735.0,SILCHAR,ASSAM,IN,06,16,22
107389,405-2061275-9209964,Shipped - Returning to Seller,Merchant,Amazon.in,Standard,JNE3468,JNE3468-KR-L,kurta,L,B08RP69C9N,Shipped,1,387.0,HYDERABAD,TELANGANA,IN,06,15,22
108217,408-7504382-9297962,Shipped - Returning to Seller,Merchant,Amazon.in,Standard,JNE3620,JNE3620-KR-M,kurta,M,B091Q9FQ4B,Shipped,1,325.0,SILCHAR,ASSAM,IN,06,15,22
108811,407-6431761-1205164,Shipped - Returning to Seller,Merchant,Amazon.in,Standard,SET357,SET357-KR-NP-S,Set,S,B09Y3GBB15,Shipped,1,771.0,AIZAWL,MIZORAM,IN,06,14,22
108903,404-0282844-7840364,Shipped - Returning to Seller,Merchant,Amazon.in,Standard,JNE3807,JNE3807-KR-XXXL,kurta,3XL,B09RKC6J4R,Shipped,1,702.0,GUWAHATI,ASSAM,IN,06,14,22
109451,404-7440649-0016306,Shipped - Returning to Seller,Merchant,Amazon.in,Standard,SET377,SET377-KR-NP-XS,Set,XS,B09TZV58PW,Shipped,1,1068.0,DEBAGARH,ODISHA,IN,06,14,22
109526,406-8030058-2455523,Shipped - Returning to Seller,Merchant,Amazon.in,Standard,JNE3797,JNE3797-KR-M,Western Dress,M,B09SDY8DCT,Shipped,1,735.0,KOCH BIHAR,WEST BENGAL,IN,06,14,22
112292,403-1377302-6005964,Shipped - Returning to Seller,Merchant,Amazon.in,Standard,JNE3797,JNE3797-KR-L,Western Dress,L,B09SDXFFQ1,Shipped,1,735.0,AGARTALA,TRIPURA,IN,06,12,22
115892,406-9734567-9770742,Shipped - Returning to Seller,Merchant,Amazon.in,Standard,J0118,J0118-TP-XL,Top,XL,B08N4RDVZP,Shipped,1,693.0,SILCHAR,ASSAM,IN,06,09,22
116134,408-2274713-4795536,Shipped - Returning to Seller,Merchant,Amazon.in,Standard,JNE3721,JNE3721-KR-XL,kurta,XL,B099FDMD6T,Shipped,1,292.0,FERRARGUNJ,ANDAMAN & NICOBAR ,IN,06,09,22
116284,408-0662582-9807517,Shipped - Returning to Seller,Merchant,Amazon.in,Standard,JNE3907,JNE3907-KR-S,kurta,S,B0B3MPZQRN,Shipped,1,819.0,SILCHAR,ASSAM,IN,06,09,22
118103,403-5924643-2805148,Shipped - Returning to Seller,Merchant,Amazon.in,Standard,SET392,SET392-KR-NP-M,Set,M,B09RKFDT7Q,Shipped,1,799.0,NAVI MUMBAI,MAHARASHTRA,IN,06,08,22
118307,407-1617289-6489101,Shipped - Returning to Seller,Merchant,Amazon.in,Standard,JNE3797,JNE3797-KR-M,Western Dress,M,B09SDY8DCT,Shipped,1,735.0,Port blair,ANDAMAN & NICOBAR ,IN,06,08,22
123908,403-5988030-9842727,Shipped - Returning to Seller,Merchant,Amazon.in,Standard,SET317,SET317-KR-PP-S,Set,S,B09RKFJSTZ,Shipped,1,1199.0,Arki,HIMACHAL PRADESH,IN,06,04,22
